country,variant,freq,year,lifeexpectancyat60
414,estimates,5Yearly,1950,15.1166536198656
414,estimates,5Yearly,1955,15.3245591696989
414,estimates,5Yearly,1960,15.5116234164799
414,estimates,5Yearly,1965,15.7156752748656
414,estimates,5Yearly,1970,15.9242808229735
414,estimates,5Yearly,1975,16.1227381538709
414,estimates,5Yearly,1980,16.3118253453954
414,estimates,5Yearly,1985,16.4873043496493
414,estimates,5Yearly,1990,16.6746510793785
414,estimates,5Yearly,1995,16.8802888333194
414,estimates,5Yearly,2000,17.0890011301144
414,estimates,5Yearly,2005,17.3010480352749
414,estimates,5Yearly,2010,17.6977947848379
414,medium variant,5Yearly,2015,18.0558274092871
414,medium variant,5Yearly,2020,18.4567681861849
414,medium variant,5Yearly,2025,18.8774693667553
414,medium variant,5Yearly,2030,19.3008476615727
414,medium variant,5Yearly,2035,19.7486736794663
414,medium variant,5Yearly,2040,20.1918289899915
414,medium variant,5Yearly,2045,20.661858773544
414,medium variant,5Yearly,2050,21.1415619608107
414,medium variant,5Yearly,2055,21.6547282306505
414,medium variant,5Yearly,2060,22.1376211397323
414,medium variant,5Yearly,2065,22.6118127379217
414,medium variant,5Yearly,2070,23.1688102494329
414,medium variant,5Yearly,2075,23.748136888065
414,medium variant,5Yearly,2080,24.2820209560204
414,medium variant,5Yearly,2085,24.8069686479719
414,medium variant,5Yearly,2090,25.3559578974852
414,medium variant,5Yearly,2095,25.8635447912528
