country,variant,freq,year,lifeexpectancyat15
28,estimates,5yearly,1950,51.8899200880544
28,estimates,5yearly,1955,52.9554598362773
28,estimates,5yearly,1960,53.9230334194266
28,estimates,5yearly,1965,54.8113534719912
28,estimates,5yearly,1970,55.6626170657606
28,estimates,5yearly,1975,56.4653129465
28,estimates,5yearly,1980,57.274645253402
28,estimates,5yearly,1985,58.0225752046919
28,estimates,5yearly,1990,58.7830210238321
28,estimates,5yearly,1995,59.5925491157483
28,estimates,5yearly,2000,60.355732192635
28,estimates,5yearly,2005,61.1317641104849
28,estimates,5yearly,2010,61.8512053216419
28,medium_variant,5yearly,2015,62.5568699847979
28,medium_variant,5yearly,2020,63.3047112752652
28,medium_variant,5yearly,2025,64.0512274038443
28,medium_variant,5yearly,2030,64.7941765029142
28,medium_variant,5yearly,2035,65.5462416180416
28,medium_variant,5yearly,2040,66.2989889388367
28,medium_variant,5yearly,2045,67.0854114050768
28,medium_variant,5yearly,2050,67.8807332267197
28,medium_variant,5yearly,2055,68.6541891998595
28,medium_variant,5yearly,2060,69.3500502388563
28,medium_variant,5yearly,2065,70.0104506478268
28,medium_variant,5yearly,2070,70.6029163922755
28,medium_variant,5yearly,2075,71.1612331300343
28,medium_variant,5yearly,2080,71.7349834979152
28,medium_variant,5yearly,2085,72.2657634983021
28,medium_variant,5yearly,2090,72.8083946740209
28,medium_variant,5yearly,2095,73.3031200208451
