country,variant,freq,year,lifeexpectancyat80
344,Estimates,5yearly,1950,5.91287094903594
344,Estimates,5yearly,1955,6.32758801086828
344,Estimates,5yearly,1960,6.42736112842398
344,Estimates,5yearly,1965,6.81437296555159
344,Estimates,5yearly,1970,7.16903915639904
344,Estimates,5yearly,1975,7.46107813400171
344,Estimates,5yearly,1980,7.75808147723697
344,Estimates,5yearly,1985,8.08178395061985
344,Estimates,5yearly,1990,8.40367881179371
344,Estimates,5yearly,1995,8.74308406350217
344,Estimates,5yearly,2000,9.77206349815181
344,Estimates,5yearly,2005,9.83675082471551
344,Estimates,5yearly,2010,10.6847620074318
344,Medium_variant,5yearly,2015,11.0281256158075
344,Medium_variant,5yearly,2020,11.3681091538042
344,Medium_variant,5yearly,2025,11.7327383844077
344,Medium_variant,5yearly,2030,12.1109418877216
344,Medium_variant,5yearly,2035,12.4905534605245
344,Medium_variant,5yearly,2040,12.8887368938883
344,Medium_variant,5yearly,2045,13.2982132858626
344,Medium_variant,5yearly,2050,13.7089780502728
344,Medium_variant,5yearly,2055,14.1208223166116
344,Medium_variant,5yearly,2060,14.5004094496992
344,Medium_variant,5yearly,2065,14.8276067104208
344,Medium_variant,5yearly,2070,15.1259917667515
344,Medium_variant,5yearly,2075,15.4052400415083
344,Medium_variant,5yearly,2080,15.7030054862952
344,Medium_variant,5yearly,2085,16.0470156128752
344,Medium_variant,5yearly,2090,16.3813623074741
344,Medium_variant,5yearly,2095,16.7430972362793
